USE master
GO


IF EXISTS(SELECT * FROM sysdatabases WHERE name='BDTRANSITO2024')
BEGIN
	ALTER DATABASE BDTRANSITO2024
	SET SINGLE_USER WITH ROLLBACK IMMEDIATE
	DROP DATABASE BDTRANSITO2024
END
GO

CREATE DATABASE BDTRANSITO2024
COLLATE MODERN_SPANISH_CI_AI
GO

USE BDTRANSITO2024
GO

SET NOCOUNT ON
GO

SET LANGUAGE SPANISH
GO

CREATE TABLE PROPIETARIOS
(
	DNIPRO	CHAR(8) CONSTRAINT PKPROPIETARIOS PRIMARY KEY,
	NOMPRO	VARCHAR(50),
	DISTRITO VARCHAR(30) DEFAULT 'Sin Distrito',
	ELIMINADO CHAR(2) DEFAULT 'No'
)
GO

INSERT INTO PROPIETARIOS VALUES('12345678','Acu人 Osorio, Maria','LIMA','No')
INSERT INTO PROPIETARIOS VALUES('11223344','Avino Aza人, Britney','RIMAC','No')
INSERT INTO PROPIETARIOS VALUES('12378421','Carpio Sanchez, Susana','SAN BORJA','No')
INSERT INTO PROPIETARIOS VALUES('12213583','Alvarez Rojas, Mario','LINCE','No')
INSERT INTO PROPIETARIOS VALUES('11734342','Bezada Obando, Mirlo','LIMA','No')
INSERT INTO PROPIETARIOS VALUES('15382477','Cabello Nieto, Carlos','RIMAC','No')
INSERT INTO PROPIETARIOS VALUES('12165558','Caycho Pino, Elizabeth','BRE헤','No')
INSERT INTO PROPIETARIOS VALUES('14356718','Enciso Iglesias, Lorena','SURQUILLO','No')
INSERT INTO PROPIETARIOS VALUES('13642561','Fernandez Porras, Bryan','SAN BORJA','No')
INSERT INTO PROPIETARIOS VALUES('13427518','Romario Barrientos, Luis','LIMA','No')
GO
INSERT INTO PROPIETARIOS VALUES('18524720','Rojas Ramos, Jose Luis','SURCO','No')
INSERT INTO PROPIETARIOS VALUES('10529724','Paredes Gonzales, Eduardo','MIRAFLORES','No')
INSERT INTO PROPIETARIOS VALUES('11184707','Nurith Guillen, Lucia','LIMA','No')
INSERT INTO PROPIETARIOS VALUES('18042268','Vergara Lopez, Daniel','BRE헤','No')
INSERT INTO PROPIETARIOS VALUES('18275920','Huachua Lopez, Ernestina','RIMAC','No')
INSERT INTO PROPIETARIOS VALUES('15407158','Lopez Costas, Marlon','LIMA','No')
INSERT INTO PROPIETARIOS VALUES('12044470','Cardenas Caceres, Juana','BRE헤','No')
INSERT INTO PROPIETARIOS VALUES('16613758','Leon Malpartida, Ana','SURCO','No')
INSERT INTO PROPIETARIOS VALUES('19642622','Gonzales Carrillo, Mauricio','MIRAFLORES','No')
INSERT INTO PROPIETARIOS VALUES('15821147','Alarcon Brendano, Luis','SURQUILLO','No')
INSERT INTO PROPIETARIOS VALUES('12804394','Arteaga Huaman, Patricia','SURQUILLO','No')
INSERT INTO PROPIETARIOS VALUES('12702074','Bustamente Ramirez, Eduardo','LINCE','No')
INSERT INTO PROPIETARIOS VALUES('10965428','Cespedes Urbano, Lucia','SAN ISIDRO','No')
INSERT INTO PROPIETARIOS VALUES('11059825','Estrada Ponte, Lucy','LIMA','No')
INSERT INTO PROPIETARIOS VALUES('15201747','Guzman Cruz, Eder','SAN ISIDRO','No')
INSERT INTO PROPIETARIOS VALUES('18488975','Ramos Perez, Erick','BRE헤','No')
INSERT INTO PROPIETARIOS VALUES('18272940','Rivera Custodio, Juan','LIMA','No')
INSERT INTO PROPIETARIOS VALUES('13521101','Robalino Perez, Jhonny','SAN BORJA','No')
INSERT INTO PROPIETARIOS VALUES('15562047','Santiago Trujillo, Homero','MIRAFLORES','No')
INSERT INTO PROPIETARIOS VALUES('17824385','Vilca Borcani, Isabel','SAN ISIDRO','No')
INSERT INTO PROPIETARIOS VALUES('16259372','Cardenas Lopez, Marcos','SURCO','No')
GO
INSERT INTO PROPIETARIOS VALUES('12540049','Salazar Campomanes, Elizabeth','SURQUILLO','No')
INSERT INTO PROPIETARIOS VALUES('18541073','Rosales Vilca, Rosario','MIRAFLORES','No')
INSERT INTO PROPIETARIOS VALUES('16870947','Jara Madrid, Cecilia','SAN ISIDRO','No')
INSERT INTO PROPIETARIOS VALUES('15471705','Alva Borja, Roxana','LIMA','No')
INSERT INTO PROPIETARIOS VALUES('26970418','Rodriguez Ramos, Leticia','BRE헤','No')
GO

CREATE TABLE VEHICULOS 
(
	NROPLA  char (6) NOT NULL CONSTRAINT PKVEHICULOS primary key ,
	DNIPRO  char(8) NULL REFERENCES PROPIETARIOS,
	COLOR   varchar (25) NULL,
	MODELO  varchar(20) NULL,
	A헲	    int,
	ELIMINADO char(2) DEFAULT 'No'
) 
GO

INSERT INTO VEHICULOS VALUES ('AXB856','12345678','ROJO','KIA',2015,'No')
INSERT INTO VEHICULOS VALUES ('WDF720','11223344','AZUL','HYUNDAI',2016,'No')
INSERT INTO VEHICULOS VALUES ('AS8564','12378421','ROJO','KIA',2014,'No')
INSERT INTO VEHICULOS VALUES ('DWQ246','12213583','VERDE','HYUNDAI',2013,'No')
INSERT INTO VEHICULOS VALUES ('HGK402','11734342','VERDE','TOYOTA',2015,'No')
INSERT INTO VEHICULOS VALUES ('SQF723','15382477','AZUL','KIA',2015,'No')
INSERT INTO VEHICULOS VALUES ('OPU169','12165558','ROJO','HYUNDAI',2016,'No')
INSERT INTO VEHICULOS VALUES ('GTU529','14356718','ROJO','TOYOTA',2016,'No')
INSERT INTO VEHICULOS VALUES ('RCD362','13642561','BLANCO','MITSUBISHI',2014,'No')
INSERT INTO VEHICULOS VALUES ('DER649','13427518','ROJO','NISSAN',2013,'No')
INSERT INTO VEHICULOS VALUES ('GSV403','18524720','ROJO','TOYOTA',2013,'No')
INSERT INTO VEHICULOS VALUES ('MH5233','10529724','NEGRO','HYUNDAI',2013,'No')
INSERT INTO VEHICULOS VALUES ('DG1960','11184707','AZUL','KIA',2015,'No')
INSERT INTO VEHICULOS VALUES ('DR5532','18042268','NEGRO','KIA',2015,'No')
INSERT INTO VEHICULOS VALUES ('GAE409','15407158','NEGRO','HYUNDAI',2014,'No')
INSERT INTO VEHICULOS VALUES ('KG9065','18275920','AZUL','NISSAN',2014,'No')
INSERT INTO VEHICULOS VALUES ('UI6741','12044470','ROJO','NISSAN',2016,'No')
INSERT INTO VEHICULOS VALUES ('AD2983','16613758','AZUL','TOYOTA',2016,'No')
INSERT INTO VEHICULOS VALUES ('AQ5092','19642622','NEGRO','MERCEDES BENZ',2013,'No')
INSERT INTO VEHICULOS VALUES ('WK8630','15821147','ROJO','BMW',2015,'No')
INSERT INTO VEHICULOS VALUES ('XC6529','12804394','BLANCO','TOYOTA',2014,'No')
INSERT INTO VEHICULOS VALUES ('MN5273','12702074','ROJO','MITSUBISHI',2014,'No')
INSERT INTO VEHICULOS VALUES ('FSA420','10965428','AZUL','HYUNDAI',2016,'No')
INSERT INTO VEHICULOS VALUES ('JHE672','11059825','NEGRO','HONDA',2016,'No')
INSERT INTO VEHICULOS VALUES ('LJG342','15201747','NEGRO','HYUNDAI',2015,'No')
INSERT INTO VEHICULOS VALUES ('PO2758','18488975','AZUL','MERCEDES BENZ',2014,'No')
INSERT INTO VEHICULOS VALUES ('TJ7433','18272940','ROJO','HONDA',2015,'No')
INSERT INTO VEHICULOS VALUES ('WM7921','13521101','AZUL','TOYOTA',2014,'No')
INSERT INTO VEHICULOS VALUES ('AA3290','15562047','NEGRO','GREAT WALL',2016,'No')
INSERT INTO VEHICULOS VALUES ('ROD488','17824385','VERDE','GREAT WALL',2016,'No')
INSERT INTO VEHICULOS VALUES ('SAE732','16259372','VERDE','BMW',2013,'No')
go
INSERT INTO VEHICULOS VALUES ('V00032','10529724','BLANCO','HYUNDAI',2013,'No')
INSERT INTO VEHICULOS VALUES ('V00033','11184707','AZUL','TOYOTA',2015,'No')
INSERT INTO VEHICULOS VALUES ('V00034','18042268','NEGRO','NISSAN',2015,'No')
INSERT INTO VEHICULOS VALUES ('V00035','15407158','ROJO','HYUNDAI',2014,'No')
INSERT INTO VEHICULOS VALUES ('V00036','12540049','AZUL','NISSAN',2014,'No')
INSERT INTO VEHICULOS VALUES ('V00037','12044470','BLANCO','NISSAN',2016,'No')
INSERT INTO VEHICULOS VALUES ('V00038','16870947','NEGRO','TOYOTA',2016,'No')
INSERT INTO VEHICULOS VALUES ('V00039','19642622','NEGRO','HONDA',2013,'No')
INSERT INTO VEHICULOS VALUES ('V00040','18541073','BLANCO','BMW',2015,'No')
INSERT INTO VEHICULOS VALUES ('V00041','12804394','ROJO','TOYOTA',2014,'No')
GO
INSERT INTO VEHICULOS VALUES ('V00042','12540049','ROJO','KIA',2015,'No')
INSERT INTO VEHICULOS VALUES ('V00043','18541073','AZUL','HYUNDAI',2016,'No')
INSERT INTO VEHICULOS VALUES ('V00044','16870947','VERDE','HYUNDAI',2013,'No')
INSERT INTO VEHICULOS VALUES ('V00045','15471705','VERDE','TOYOTA',2015,'No')
INSERT INTO VEHICULOS VALUES ('V00046','26970418','AZUL','KIA',2015,'No')
INSERT INTO VEHICULOS VALUES ('V00047','19642622','BLANCO','HYUNDAI',2016,'No')
INSERT INTO VEHICULOS VALUES ('V00048','14356718','ROJO','KIA',2016,'No')
INSERT INTO VEHICULOS VALUES ('V00049','13642561','BLANCO','MITSUBISHI',2014,'No')
INSERT INTO VEHICULOS VALUES ('V00050','26970418','ROJO','NISSAN',2013,'No')
GO

CREATE TABLE INFRACCIONES(
	CODINF   char (3) NOT NULL CONSTRAINT PKINFRACCIONES primary key ,
	DESINF   varchar (50) NULL ,
	IMPORTE  numeric (8, 2) NULL,
	ELIMINADO CHAR(2) DEFAULT 'No'
) 
GO

INSERT INTO INFRACCIONES VALUES ('I01','Luz Roja', 250,'No')
INSERT INTO INFRACCIONES VALUES ('I02','Exceso de Velocidad', 270,'No')
INSERT INTO INFRACCIONES VALUES ('I03','Sin Brevete', 240,'No')
INSERT INTO INFRACCIONES VALUES ('I04','Mal Estacionado', 200,'No')
INSERT INTO INFRACCIONES VALUES ('I05','Estado Etilico', 250,'No')
INSERT INTO INFRACCIONES VALUES ('I06','Contra el Tr擎ico', 280,'No')
INSERT INTO INFRACCIONES VALUES ('I07','No Respeta Sem擎oros', 230,'No')
INSERT INTO INFRACCIONES VALUES ('I08','Contaminacion Ambiental', 200,'No')
INSERT INTO INFRACCIONES VALUES ('I09','Sin Lentes', 180,'No')
INSERT INTO INFRACCIONES VALUES ('I10','No Respeta las Se人les', 190,'No')
INSERT INTO INFRACCIONES VALUES ('I11','No contar con Herramientas', 180,'No')
INSERT INTO INFRACCIONES VALUES ('I12','No Extintor contra Incendios', 160,'No')
GO

CREATE TABLE POLICIAS
(
	IDPOL char(5) NOT NULL CONSTRAINT PKPOLICIAS  Primary key ,
	NOMPOL varchar (45) NULL ,
	NROPAT  CHAR(4) NULL,
	ELIMINADO CHAR(2) DEFAULT 'No' 
) 
GO

INSERT INTO POLICIAS VALUES ('P0001','Guzman Ochoa, Walther','003','No')
INSERT INTO POLICIAS VALUES ('P0002','Maldonado Huaman, Leoncio','001','No')
INSERT INTO POLICIAS VALUES ('P0003','Gaspar Acosta, Manuel','004','No')
INSERT INTO POLICIAS VALUES ('P0004','Echegaray Fernandez, Ricardo','006','No')
INSERT INTO POLICIAS VALUES ('P0005','Cano Silva, Roberto','004','No')
INSERT INTO POLICIAS VALUES ('P0006','Melgarejo Rojas, Julio','001','No')
INSERT INTO POLICIAS VALUES ('P0007','Grijalva Diaz, Eduardo','005','No')
INSERT INTO POLICIAS VALUES ('P0008','Murillo Sanchez, Christian','003','No')
INSERT INTO POLICIAS VALUES ('P0009','Lopez Villar, Fernando','005','No')
go
INSERT INTO POLICIAS VALUES ('P0010','La Riva Suarez, Jorge','006','No')
INSERT INTO POLICIAS VALUES ('P0011','Mu人nte Robles, Miguel','002','No')
INSERT INTO POLICIAS VALUES ('P0012','Camacho Gutierrez, Jose','007','No')
INSERT INTO POLICIAS VALUES ('P0013','Gonzales La Torre, Julio','002','No')
INSERT INTO POLICIAS VALUES ('P0014','Roman Zavaleta, Franklin','007','No')
GO

CREATE TABLE PAPELETAS(
	NROPAP    int NOT NULL CONSTRAINT PKPAPELETAS Primary Key ,
    NROPLA    char(6) REFERENCES VEHICULOS NOT NULL,
	CODINF    char(3) REFERENCES INFRACCIONES NOT NULL ,
	IDPOL     char(5) REFERENCES POLICIAS NOT NULL ,
	PAPFECHA  datetime NULL DEFAULT GETDATE(),
	PAGADO	  CHAR(2) DEFAULT 'No',
	FECPAGO	  DATETIME NULL,
	ELIMINADO CHAR(2) DEFAULT 'No' 
) 
go

INSERT INTO PAPELETAS VALUES (100001,'AXB856','I08','P0004','10/03/2022','No',NULL,'No')
INSERT INTO PAPELETAS VALUES (100002,'HGK402','I07','P0001','15/03/2022','No',NULL,'No')
INSERT INTO PAPELETAS VALUES (100003,'WDF720','I06','P0004','28/03/2022','No',NULL,'No')
INSERT INTO PAPELETAS VALUES (100004,'AS8564','I04','P0005','29/05/2022','No',NULL,'No')
INSERT INTO PAPELETAS VALUES (100005,'UI6741','I04','P0004','01/06/2022','No',NULL,'No')
INSERT INTO PAPELETAS VALUES (100006,'AS8564','I05','P0006','12/06/2022','No',NULL,'No')
INSERT INTO PAPELETAS VALUES (100007,'HGK402','I04','P0005','23/06/2022','No',NULL,'No')
INSERT INTO PAPELETAS VALUES (100008,'MH5233','I04','P0001','14/07/2022','No',NULL,'No')
INSERT INTO PAPELETAS VALUES (100009,'DWQ246','I08','P0004','25/07/2022','No',NULL,'No')
INSERT INTO PAPELETAS VALUES (100010,'HGK402','I04','P0004','27/07/2022','No',NULL,'No')
INSERT INTO PAPELETAS VALUES (100011,'DWQ246','I04','P0005','31/07/2022','No',NULL,'No')
INSERT INTO PAPELETAS VALUES (100012,'TJ7433','I07','P0004','02/08/2022','No',NULL,'No')
INSERT INTO PAPELETAS VALUES (100013,'HGK402','I08','P0005','08/08/2022','No',NULL,'No')
INSERT INTO PAPELETAS VALUES (100014,'MH5233','I04','P0009','24/08/2022','No',NULL,'No')
INSERT INTO PAPELETAS VALUES (100015,'AXB856','I01','P0006','25/08/2022','No',NULL,'No')
INSERT INTO PAPELETAS VALUES (100016,'HGK402','I07','P0006','08/09/2022','No',NULL,'No')
INSERT INTO PAPELETAS VALUES (100017,'SQF723','I05','P0006','16/09/2022','No',NULL,'No')
INSERT INTO PAPELETAS VALUES (100018,'DR5532','I05','P0001','07/10/2022','No',NULL,'No')
INSERT INTO PAPELETAS VALUES (100019,'OPU169','I05','P0004','11/10/2022','No',NULL,'No')
INSERT INTO PAPELETAS VALUES (100020,'ROD488','I05','P0001','10/11/2022','No',NULL,'No')
INSERT INTO PAPELETAS VALUES (100021,'AXB856','I05','P0004','22/11/2022','No',NULL,'No')
INSERT INTO PAPELETAS VALUES (100022,'GSV403','I07','P0001','25/11/2022','No',NULL,'No')
INSERT INTO PAPELETAS VALUES (100023,'MH5233','I08','P0004','08/12/2022','No',NULL,'No')
INSERT INTO PAPELETAS VALUES (100024,'V00036','I05','P0005','14/12/2022','No',NULL,'No')
INSERT INTO PAPELETAS VALUES (100025,'DWQ246','I04','P0004','21/12/2022','No',NULL,'No')
go

INSERT INTO PAPELETAS VALUES (100026,'DG1960','I05','P0006','12/01/2023','No',NULL,'No')
INSERT INTO PAPELETAS VALUES (100027,'V00035','I02','P0005','23/01/2023','No',NULL,'No')
INSERT INTO PAPELETAS VALUES (100028,'DG1960','I06','P0001','28/01/2023','No',NULL,'No')
INSERT INTO PAPELETAS VALUES (100029,'DR5532','I07','P0007','05/02/2023','No',NULL,'No')
INSERT INTO PAPELETAS VALUES (100030,'V00040','I04','P0004','08/02/2023','No',NULL,'No')
INSERT INTO PAPELETAS VALUES (100031,'V00036','I04','P0005','16/02/2023','No',NULL,'No')
INSERT INTO PAPELETAS VALUES (100032,'V00035','I07','P0004','02/03/2023','No',NULL,'No')
INSERT INTO PAPELETAS VALUES (100033,'DG1960','I04','P0005','09/03/2023','No',NULL,'No')
INSERT INTO PAPELETAS VALUES (100034,'KG9065','I04','P0004','24/03/2023','No',NULL,'No')
INSERT INTO PAPELETAS VALUES (100035,'MH5233','I01','P0006','28/03/2023','No',NULL,'No')
INSERT INTO PAPELETAS VALUES (100036,'UI6741','I05','P0007','08/04/2023','No',NULL,'No')
INSERT INTO PAPELETAS VALUES (100037,'DG1960','I05','P0006','16/04/2023','No',NULL,'No')
INSERT INTO PAPELETAS VALUES (100038,'AD2983','I04','P0001','24/04/2023','No',NULL,'No')
INSERT INTO PAPELETAS VALUES (100039,'AQ5092','I04','P0004','27/04/2023','No',NULL,'No')
INSERT INTO PAPELETAS VALUES (100040,'UI6741','I01','P0001','02/05/2023','No',NULL,'No')
INSERT INTO PAPELETAS VALUES (100041,'AXB856','I05','P0004','10/05/2023','No',NULL,'No')
INSERT INTO PAPELETAS VALUES (100042,'GSV403','I07','P0001','25/05/2023','No',NULL,'No')
INSERT INTO PAPELETAS VALUES (100043,'V00047','I08','P0008','04/06/2023','No',NULL,'No')
INSERT INTO PAPELETAS VALUES (100044,'HGK402','I05','P0005','19/06/2023','No',NULL,'No')
INSERT INTO PAPELETAS VALUES (100045,'MH5233','I04','P0004','23/06/2023','No',NULL,'No')
INSERT INTO PAPELETAS VALUES (100046,'DG1960','I01','P0010','10/07/2023','No',NULL,'No')
INSERT INTO PAPELETAS VALUES (100047,'AS8564','I03','P0013','23/07/2023','No',NULL,'No')
INSERT INTO PAPELETAS VALUES (100048,'AQ5092','I08','P0007','30/07/2023','No',NULL,'No')
INSERT INTO PAPELETAS VALUES (100049,'DR5532','I07','P0004','05/08/2023','No',NULL,'No')
INSERT INTO PAPELETAS VALUES (100050,'V00039','I04','P0014','25/08/2023','No',NULL,'No')
INSERT INTO PAPELETAS VALUES (100051,'DR5532','I04','P0012','04/09/2023','No',NULL,'No')
INSERT INTO PAPELETAS VALUES (100052,'SQF723','I07','P0004','22/09/2023','No',NULL,'No')
INSERT INTO PAPELETAS VALUES (100053,'GAE409','I04','P0005','30/09/2023','No',NULL,'No')
INSERT INTO PAPELETAS VALUES (100054,'KG9065','I04','P0004','04/10/2023','No',NULL,'No')
INSERT INTO PAPELETAS VALUES (100055,'KG9065','I01','P0011','15/10/2023','No',NULL,'No')
INSERT INTO PAPELETAS VALUES (100056,'UI6741','I05','P0006','28/10/2023','No',NULL,'No')
INSERT INTO PAPELETAS VALUES (100057,'AQ5092','I05','P0008','06/11/2023','No',NULL,'No')
INSERT INTO PAPELETAS VALUES (100058,'AD2983','I04','P0001','27/11/2023','No',NULL,'No')
INSERT INTO PAPELETAS VALUES (100059,'GAE409','I04','P0004','11/12/2023','No',NULL,'No')
INSERT INTO PAPELETAS VALUES (100060,'AQ5092','I01','P0001','22/12/2023','No',NULL,'No')
go

INSERT INTO PAPELETAS VALUES (100061,'WK8630','I05','P0004','04/01/2024','No',NULL,'No')
INSERT INTO PAPELETAS VALUES (100062,'FSA420','I07','P0001','05/01/2024','No',NULL,'No')
INSERT INTO PAPELETAS VALUES (100063,'XC6529','I08','P0004','08/01/2024','No',NULL,'No')
INSERT INTO PAPELETAS VALUES (100064,'WM7921','I05','P0005','09/01/2024','No',NULL,'No')
INSERT INTO PAPELETAS VALUES (100065,'MN5273','I04','P0004','11/01/2024','No',NULL,'No')
INSERT INTO PAPELETAS VALUES (100066,'LJG342','I05','P0006','12/02/2024','No',NULL,'No')
INSERT INTO PAPELETAS VALUES (100067,'WK8630','I05','P0005','03/02/2024','No',NULL,'No')
INSERT INTO PAPELETAS VALUES (100068,'FSA420','I04','P0001','04/02/2024','No',NULL,'No')
INSERT INTO PAPELETAS VALUES (100069,'JHE672','I07','P0004','05/03/2024','No',NULL,'No')
INSERT INTO PAPELETAS VALUES (100070,'AA3290','I04','P0004','08/03/2024','No',NULL,'No')
INSERT INTO PAPELETAS VALUES (100071,'LJG342','I04','P0010','01/03/2024','No',NULL,'No')
INSERT INTO PAPELETAS VALUES (100072,'MN5273','I07','P0008','02/04/2024','No',NULL,'No')
INSERT INTO PAPELETAS VALUES (100073,'PO2758','I04','P0002','03/04/2024','No',NULL,'No')
INSERT INTO PAPELETAS VALUES (100074,'DR5532','I05','P0007','04/04/2024','No',NULL,'No')
INSERT INTO PAPELETAS VALUES (100075,'DWQ246','I01','P0013','05/05/2024','No',NULL,'No')
INSERT INTO PAPELETAS VALUES (100076,'TJ7433','I05','P0006','08/05/2024','No',NULL,'No')
INSERT INTO PAPELETAS VALUES (100077,'XC6529','I05','P0012','06/05/2024','No',NULL,'No')
INSERT INTO PAPELETAS VALUES (100078,'WM7921','I03','P0001','07/05/2024','No',NULL,'No')
INSERT INTO PAPELETAS VALUES (100079,'AA3290','I03','P0004','11/06/2024','No',NULL,'No')
INSERT INTO PAPELETAS VALUES (100080,'JHE672','I01','P0011','02/06/2024','No',NULL,'No')
INSERT INTO PAPELETAS VALUES (100081,'ROD488','I03','P0014','11/06/2024','No',NULL,'No')
INSERT INTO PAPELETAS VALUES (100082,'PO2758','I01','P0001','02/06/2024','No',NULL,'No')
GO

INSERT INTO PAPELETAS VALUES (100083,'AS8564','I09','P0001','03/06/2024','No',NULL,'No')
INSERT INTO PAPELETAS VALUES (100084,'AXB856','I10','P0002','08/06/2024','No',NULL,'No')
INSERT INTO PAPELETAS VALUES (100085,'DWQ246','I11','P0003','08/06/2024','No',NULL,'No')
INSERT INTO PAPELETAS VALUES (100086,'OPU169','I12','P0004','14/06/2024','No',NULL,'No')
INSERT INTO PAPELETAS VALUES (100087,'HGK402','I07','P0005','21/06/2024','No',NULL,'No')
INSERT INTO PAPELETAS VALUES (100088,'GAE409','I03','P0006','25/06/2024','No',NULL,'No')
INSERT INTO PAPELETAS VALUES (100089,'DR5532','I09','P0007','28/06/2024','No',NULL,'No')
INSERT INTO PAPELETAS VALUES (100090,'SQF723','I11','P0008','04/07/2024','No',NULL,'No')
INSERT INTO PAPELETAS VALUES (100091,'UI6741','I10','P0009','08/07/2024','No',NULL,'No')
INSERT INTO PAPELETAS VALUES (100092,'WDF720','I12','P0010','10/07/2024','No',NULL,'No')
INSERT INTO PAPELETAS VALUES (100093,'GTU529','I09','P0011','13/07/2024','No',NULL,'No')
INSERT INTO PAPELETAS VALUES (100094,'AD2983','I11','P0012','17/07/2024','No',NULL,'No')
INSERT INTO PAPELETAS VALUES (100095,'OPU169','I10','P0013','21/07/2024','No',NULL,'No')
INSERT INTO PAPELETAS VALUES (100096,'AQ5092','I09','P0014','22/07/2024','No',NULL,'No')
INSERT INTO PAPELETAS VALUES (100097,'DR5532','I11','P0008','25/07/2024','No',NULL,'No')
INSERT INTO PAPELETAS VALUES (100098,'DER649','I12','P0007','30/07/2024','No',NULL,'No')
GO

--SELECT * FROM PAPELETAS
--GO

INSERT INTO PAPELETAS VALUES (100099,'SAE732','I01','P0007','30/07/2024','No',NULL,'No')
INSERT INTO PAPELETAS VALUES (100100,'RCD362','I02','P0008','31/07/2024','No',NULL,'No')
INSERT INTO PAPELETAS VALUES (100101,'V00039','I03','P0001','01/08/2024','No',NULL,'No')
INSERT INTO PAPELETAS VALUES (100102,'V00040','I04','P0009','02/08/2024','No',NULL,'No')
INSERT INTO PAPELETAS VALUES (100103,'V00045','I05','P0004','04/08/2024','No',NULL,'No')
INSERT INTO PAPELETAS VALUES (100104,'MH5233','I06','P0010','06/08/2024','No',NULL,'No')
INSERT INTO PAPELETAS VALUES (100105,'V00034','I07','P0004','10/08/2024','No',NULL,'No')
INSERT INTO PAPELETAS VALUES (100106,'V00046','I08','P0011','10/08/2024','No',NULL,'No')
INSERT INTO PAPELETAS VALUES (100107,'V00032','I09','P0004','12/08/2024','No',NULL,'No')
INSERT INTO PAPELETAS VALUES (100108,'DR5532','I10','P0011','14/08/2024','No',NULL,'No')
INSERT INTO PAPELETAS VALUES (100109,'KG9065','I11','P0009','15/08/2024','No',NULL,'No')
INSERT INTO PAPELETAS VALUES (100110,'V00033','I12','P0006','16/08/2024','No',NULL,'No')
INSERT INTO PAPELETAS VALUES (100111,'DG1960','I05','P0012','16/08/2024','No',NULL,'No')
INSERT INTO PAPELETAS VALUES (100112,'V00048','I04','P0005','18/08/2024','No',NULL,'No')
INSERT INTO PAPELETAS VALUES (100113,'V00038','I03','P0012','18/08/2024','No',NULL,'No')
INSERT INTO PAPELETAS VALUES (100114,'V00041','I02','P0007','20/08/2024','No',NULL,'No')
INSERT INTO PAPELETAS VALUES (100115,'GTU529','I01','P0014','20/08/2024','No',NULL,'No')
INSERT INTO PAPELETAS VALUES (100116,'V00048','I12','P0005','21/08/2024','No',NULL,'No')
INSERT INTO PAPELETAS VALUES (100117,'V00035','I11','P0014','22/08/2024','No',NULL,'No')
INSERT INTO PAPELETAS VALUES (100118,'GAE409','I10','P0013','24/08/2024','No',NULL,'No')
INSERT INTO PAPELETAS VALUES (100119,'V00041','I09','P0012','24/08/2024','No',NULL,'No')
INSERT INTO PAPELETAS VALUES (100120,'V00043','I08','P0010','26/08/2024','No',NULL,'No')
INSERT INTO PAPELETAS VALUES (100121,'V00047','I07','P0011','28/08/2024','No',NULL,'No')
INSERT INTO PAPELETAS VALUES (100122,'V00050','I06','P0013','28/08/2024','No',NULL,'No')
INSERT INTO PAPELETAS VALUES (100123,'JHE672','I12','P0005','29/08/2024','No',NULL,'No')
INSERT INTO PAPELETAS VALUES (100124,'HGK402','I11','P0014','29/08/2024','No',NULL,'No')
INSERT INTO PAPELETAS VALUES (100125,'WK8630','I10','P0013','31/08/2024','No',NULL,'No')
INSERT INTO PAPELETAS VALUES (100126,'V00047','I09','P0012','31/08/2024','No',NULL,'No')
GO

SET NOCOUNT OFF
GO

SELECT 'BASE DE DATOS BDTRANSITO2024 CREADA CORRECTAMENTE' AS MENSAJE
GO

USE BDTRANSITO2024
GO

select * from PROPIETARIOS


